서비스아이디,유사서비스아이디
!1,/276/16478/140
!18,/191/118/14/131/177
!266,/175/272/359/270/269
!95,/344/51
!19,/
!295,/12397/328/344/164/250
!25,/15207/298/297
!168,/243/85/74/15282
!148,/
!149,/
!62,/16497/129/121/69/76
!222,/330/16490
!63,/16437/81/16441/12398/354
!124,/347/16/267
!16491,/123/55/347
!195,/241/328/16439/261/12394
!114,/241/339/195
!2,/305
!269,/126/352/27/173/153
!268,/284/270/269/16490/259
!17150,/42
!123,/347/348/16491/267/270
!13463,/162/294/324/293/260
!246,/99/27/93
!219,/12393/220/196
!201,/203
!147,/227/282/127/189/241
!65,/
!281,/56/194/285/30/118
!20,/70/81/12400/347/322
!3,/
!264,/232/122
!131,/5/4/263/165/140
!132,/261/13/26/84/173
!263,/131/347/8/304/309
!161,/23/45/125
!278,/5
!133,/267/136/16/273/12395
!319,/335/82/210/261/4
!261,/16478/132/195/232/207
!267,/271/270/272/273/133
!273,/274/267/270/349/271
!265,/137/4/5/339/131
!254,/330
!198,/351/210/212/108/260
!191,/18/16478
!26,/155/132/283/30
!230,/12392/282/227/229/228
!130,/16488
!27,/269/246/298
!253,/330/339/350/331/141
!196,/210/219/324
!226,/227/12396/12392/11/12391
!227,/226/12392/12396/12391/147
!350,/330/331/333/141/349
!240,/260/4/5/126/336
!304,/309/308/139/306/303
!307,/61/336/76/126
!303,/304/309/308/139/306
!139,/304/309/308/306/303
!305,/304/309/308/139/306
!309,/309/308/139/306/303
!306,/304/309/308/139/303
!308,/309/308/139/306/303
!326,/324/325/315/293/18
!16,/228/12395/133/223/291
!121,/118/304/309/308/306
!223,/228/16/12396/12395/173
!28,/54/347/131/155/12397
!251,/243/13463/237
!16497,/129/293/335/188/62
!325,/326/18
!347,/123/267/270/271/12397
!354,/344/16437/12404/352/349
!29,/129/339/12400/345
!238,/267/270/273/279/271
!348,/336/123/339/16497/314
!110,/227/147/346/249
!30,/211/303/281/204/26
!31,/91/354
!204,/30/266/330
!211,/30/208
!212,/108/260/16490/13463/198
!210,/351/196/319/133/198
!108,/113/212/198
!208,/211
!328,/296/292/294/293/295
!21,/10/9/23/8/12
!115,/116/232/190/52/12399
!12399,/16437/21/328/190/115
!125,/359/23/269/200/301
!169,/13464/52/275/10/8
!16443,/340/301/12397/12398
!194,/16439/241/281/190/15281
!6,/60/16/9/332
!33,/40/89/347
!242,/341/94/317/34/87
!34,/242/47
!16478,/261/1/276/272/126
!329,/293/126
!292,/294/328/296/293/346
!166,/239
!146,/106/170/85/46
!270,/267/274/271/272/273
!327,/237
!66,/16441/71
!16437,/63/352/12399/354/330
!36,/107
!35,/155/293/343/93/328
!16493,/337/57/104/355
!358,/
!294,/292/296/328/293/346
!197,/227/175/299/359
!12391,/227/12396/12392/226/349
!12396,/227/12392/226/223/12391
!12400,/70/20/81/243/129
!271,/267/270/272/347/273
!37,/336/331
!177,/135/104/88/258/336
!335,/15207/88/16497/319/296
!16495,/16492
!16492,/16495
!4,/5/352/336/131/265
!260,/296/12397/212/240/332
!16489,/195/237
!10,/9/21/8/12/23
!8,/14/9/11/10/12
!9,/12/13/8/10/23
!11,/8/9/14/10/12
!129,/9/16497/29/62/12400
!12,/9/13/8/10/23
!13464,/169/68/12/275/8
!13,/12/9/11/8/162
!14,/8/9/11/275/13
!15,/129/182
!233,/232
!272,/267/271/270/347/273
!126,/336/269/173/352/4
!218,/
!38,/16
!184,/339
!202,/
!15281,/42/163/52/189/194
!203,/339/201/338/282
!356,/283/332/170/236/292
!175,/359/266/105/197/350
!93,/98/255/165/246/76
!173,/126/223/269/16378/352
!97,/94/187/18
!98,/93/165/69/180/182
!185,/188/94/104
!94,/97/242/118/330/12404
!99,/246/250
!141,/350/331/330/333/349
!182,/336/331/4/126/5
!89,/40/33/117
!91,/113/31/165/16490/268
!237,/243/12400/327/16489/251
!236,/356
!69,/10/81/322/98/62
!71,/70/285/121/77/66
!70,/71/12400/81/20/61
!279,/12395/238
!276,/1/16478/272
!12394,/141/121/16439/15282/195
!39,/155/339/125/322
!296,/328/294/293/292/260
!12397,/295/347/260/344/328
!345,/4/328/5/189/133
!216,/70/339/336/119
!40,/89/33/61
!300,/45/159/169/12395
!16441,/299/292/296/328/252
!17,/
!301,/322/16443/81/23/125
!164,/295
!323,/59/346/118
!162,/324/16490/13463/13/294
!277,/270/273/349/274
!127,/285/158/291/227/147
!122,/232/264
!73,/77/352/165/131
!163,/15281/52/131/121/138
!245,/
!41,/22
!7,/
!16378,/173/209/16438/139
!359,/125/175/50/266/88
!220,/219/12393/294/13463
!12393,/219/220/227
!170,/104/84/146/58/294
!85,/84/15282/87/168/146
!84,/85/86/88/170/87
!150,/347/173
!250,/315/295/324/293/12397
!241,/195/194/114/147/80
!86,/84/88/132
!15282,/80/144/85/45/77
!229,/285/153/227/158/230
!275,/169/8/14/4/13464
!116,/115/232/118/54
!42,/15281/336/11/285/125
!180,/306/129/259/98
!151,/
!117,/313/199/12397/89
!5,/4/131/352/336/265
!43,/107/252
!313,/311/248/316/314/318
!317,/311/248/316/313/314
!15207,/335/16497/25/248/316
!248,/316/314/311/313/318
!249,/311/248/316/313/318
!311,/249/248/316/313/314
!310,/314/311/248/316/249
!318,/311/248/316/313/314
!316,/316/314/311/313/318
!312,/311/248/316/314/318
!322,/81/301/52/70/69
!44,/243/105/12398/49/61
!315,/249/311/313/250/317
!314,/310/248/316/311/313
!140,/131/1/119/259/333
!16488,/339/130
!68,/13464/169/10
!199,/193/45/117
!192,/193/194
!338,/12404/339/88/181/87
!153,/229/152/126/269/352
!45,/15282/199/80/300/121
!297,/298/53/25/352
!46,/155/146/147/353
!299,/298/16441/324/293/197
!247,/306
!291,/285/127/158/16/133
!285,/158/127/291/229/223
!137,/265/98
!256,/47/9/126
!262,/253/260/332/94
!228,/12395/16/12405/223/229
!189,/147/345/15281/42
!330,/350/253/331/349/254
!340,/16443/61
!331,/349/350/141/330/333
!298,/297/302/299/53/25
!293,/296/328/292/294/188
!179,/181/107/87/159/188
!339,/336/253/155/338/29
!118,/12404/121/94/187/330
!88,/87/84/12/86/258
!280,/339/336
!12404,/338/118/16497/354/94
!181,/159/179/88/338/339
!341,/336/242/94/339/317
!135,/177/88
!87,/88/85/13/179/143
!143,/87/88
!47,/256/88/87/261/335
!333,/350/330/331/141/349
!349,/331/273/350/330/333
!48,/338/118
!336,/126/4/5/348/339
!134,/182/88/336
!355,/337/49/88/12394/87
!302,/298/84/314/310/324
!16494,/232
!22,/70/41/80/12400
!284,/268/306/131
!344,/12397/354/295/95/345
!49,/355/347/44/90
!16490,/324/162/257/212/293
!259,/272/140/180/268/306
!255,/93/165/271
!332,/260/356/262/6
!50,/359/283
!346,/312/227/293/292/294
!221,/
!188,/293/104/16497/324/179
!51,/59/95
!232,/233/264/116/115/122
!243,/237/70/168/12400/44
!136,/133/258
!258,/88/12/177/104/136
!282,/230/267/147/271/272
!12395,/228/16/133/223/82
!12392,/227/230/12396/226/12391
!207,/261/160
!112,/223/173/12398/226
!52,/163/169/15281/322/115
!244,/79
!53,/107/298/297
!156,/
!257,/16490
!83,/
!16496,/131
!337,/355/104/16493/349
!54,/347/28/12398/116/355
!178,/47
!158,/285/127/70/271/291
!60,/58/128/6/15282/115
!234,/12404/330/12405/223/16437
!128,/60/42
!55,/12404/339/16491/265/84
!74,/79/168/81/75
!252,/171/16441/299/43/347
!56,/285/281/253/54/194
!187,/330/118/97/228/270
!176,/125
!104,/170/188/337/177/292
!105,/175/188/44/179/330
!360,/12398/317
!274,/273/270/267/271/272
!159,/181/179/336/209/300
!57,/16493/187/52
!16498,/12404/338/294
!16438,/8/80/177/16378/139
!353,/155/58/190/46
!75,/74
!76,/61/307/155/58/145
!171,/252/4/15282/5/71
!77,/73/15282/11/71/243
!58,/155/315/170/353/76
!78,/70/10/80/243
!145,/76
!79,/74/81/244/58/155
!144,/15282/80/81/16490
!160,/126/269/339/352/207
!155,/35/353/58/339/200
!80,/15282/144/8/45/241
!190,/115/12399/194/353/347
!200,/155/169/269/125/165
!106,/146
!16442,/139/16438
!90,/44/49/355
!107,/53/179/36/61/43
!209,/12/16378/159/94/61
!61,/70/307/76/340/107
!193,/199/192/282
!154,/107
!59,/323/118/16441/131/51
!239,/12398/11/166/333
!16440,/84
!23,/9/21/8/10/12
!119,/131/140/216
!138,/16/115/12394/163
!343,/212/35
!16439,/194/195/12394/241
!165,/131/255/91/169/155
!235,/295
!113,/108/91
!81,/70/322/63/20/12400
!213,/
!157,/45
!352,/4/73/5/16437/126
!82,/12395/228/133/336/351
!351,/198/336/210/82/333
!152,/153/16/133/223
!283,/356/50/285/26
!12405,/228/230/12395/16/234
!324,/162/314/16490/248/316
!12398,/70/239/54/350/81
